"V1","marker.names"
"1",39041,"CE1-105"
"2",55881,"UCE1-501"
"3",134126,"CE1-1"
"4",183575,"UCE1-515"
"5",303836,"UCE1-526"
"6",470146,"CE1-106"
"7",491766,"UCE1-542"
"8",562692,"CE1-107"
"9",637477,"UCE1-557"
"10",796694,"UCE1-574"
"11",825028,"CE1-27"
"12",884391,"CE1-159"
"13",984040,"CE1-101"
"14",990151,"CE1-244"
"15",1079165,"CE1-102"
"16",1130938,"CE1-103"
"17",1265969,"CE1-249"
"18",1272591,"CE1-104"
"19",1433304,"CE1-250"
"20",1451410,"CE1-237"
"21",1452097,"CE1-108"
"22",1563141,"CE1-252"
"23",1644597,"CE1-172"
"24",1644911,"UCE1-610"
"25",1661177,"UCE1-616"
"26",1823874,"UCE1-620"
"27",2068168,"UCE1-624"
"28",2162880,"UCE1-628"
"29",2310075,"CE1-242"
"30",2318113,"CE1-240"
"31",2318440,"CE1-238"
"32",2448169,"CE1-253"
"33",2448381,"UCE1-652"
"34",2538742,"UCE1-667"
"35",2590696,"UCE1-682"
"36",2653236,"UCE1-686"
"37",2751595,"UCE1-694"
"38",2837732,"UCE1-746"
"39",2852467,"CE1-152"
"40",2949031,"CE1-110"
"41",3100227,"CE1-131"
"42",3123826,"CE1-2"
"43",3180959,"CE1-132"
"44",3260999,"UCE1-762"
"45",3273272,"CE1-161"
"46",3368661,"CE1-133"
"47",3433603,"UCE1-772"
"48",3445313,"CE1-134"
"49",3502475,"CE1-135"
"50",3560134,"UCE1-777"
"51",3573193,"CE1-136"
"52",3675000,"CE1-254"
"53",3684808,"UCE1-789"
"54",3806109,"CE1-150"
"55",3871124,"UCE1-796"
"56",3890035,"UCE1-797"
"57",3989631,"CE1-137"
"58",4078434,"CE1-146"
"59",4175488,"CE1-138"
"60",4237067,"CE1-122"
"61",4338253,"CE1-123"
"62",4436683,"UCE1-829"
"63",4516443,"UCE1-835"
"64",4533147,"CE1-124"
"65",4590528,"CE1-228"
"66",4651939,"UCE1-848"
"67",4696915,"UCE1-855"
"68",4845515,"CE1-125"
"69",4976880,"UCE1-863"
"70",4977201,"UCE1-864"
"71",5052410,"UCE1-869"
"72",5083461,"CE1-151"
"73",5196018,"UCE1-871"
"74",5428706,"UCE1-875"
"75",5521987,"CE1-256"
"76",5626784,"CE1-127"
"77",5683306,"UCE1-887"
"78",5715300,"CE1-128"
"79",5756863,"CE1-19"
"80",5885309,"CE1-130"
"81",6070816,"CE1-163"
"82",6166277,"CE1-145"
"83",6256996,"CE1-173"
"84",6351805,"CE1-112"
"85",6385322,"UCE1-906"
"86",6593043,"CE1-144"
"87",6651083,"CE1-113"
"88",6724981,"CE1-257"
"89",6795674,"CE1-171"
"90",7057031,"CE1-165"
"91",7118751,"CE1-114"
"92",7254663,"UCE1-924"
"93",7273650,"CE1-166"
"94",7410352,"CE1-28"
"95",7436825,"CE1-115"
"96",7478903,"UCE1-927"
"97",7492494,"CE1-160"
"98",7581800,"CE1-116"
"99",7628152,"UCE1-935"
"100",7677531,"CE1-117"
"101",7759531,"UCE1-941"
"102",7833557,"CE1-118"
"103",7886017,"CE1-24"
"104",7899293,"CE1-149"
"105",7916192,"CE1-233"
"106",7917212,"CE1-232"
"107",7917995,"CE1-231"
"108",7934579,"CE1-234"
"109",7937792,"CE1-236"
"110",7938290,"CE1-235"
"111",7997346,"CE1-119"
"112",8069190,"UCE1-955"
"113",8083407,"CE1-120"
"114",8158558,"CE1-153"
"115",8203498,"UCE1-967"
"116",8278630,"CE1-17"
"117",8292940,"CE1-170"
"118",8361424,"CE1-139"
"119",8455563,"UCE1-972"
"120",8539997,"UCE1-977"
"121",8550709,"CE1-154"
"122",8642732,"CE1-158"
"123",8646297,"CE1-21"
"124",8730368,"UCE1-987"
"125",8828147,"CE1-157"
"126",8842903,"UCE1-997"
"127",8920662,"CE1-162"
"128",9026456,"CE1-140"
"129",9101077,"UCE1-1010"
"130",9126231,"UCE1-1013"
"131",9190194,"CE1-141"
"132",9279935,"CE1-142"
"133",9372154,"CE1-143"
"134",9471281,"CE1-176"
"135",9561565,"CE1-177"
"136",9603887,"CE1-8"
"137",9657789,"UCE1-1038"
"138",9743539,"CE1-179"
"139",9759693,"CE1-20"
"140",9838700,"CE1-180"
"141",9882149,"UCE1-1050"
"142",9899718,"CE1-181"
"143",9958062,"CE1-182"
"144",10069729,"CE1-183"
"145",10163981,"CE1-184"
"146",10170678,"CE1-3"
"147",10238035,"CE1-14"
"148",10331091,"UCE1-1068"
"149",10366094,"CE1-185"
"150",10427198,"UCE1-1075"
"151",10533225,"CE1-187"
"152",10535270,"UCE1-1079"
"153",10614679,"CE1-188"
"154",10722147,"CE1-247"
"155",10722389,"UCE1-1091"
"156",10793131,"CE1-190"
"157",10924237,"CE1-191"
"158",11077233,"CE1-192"
"159",11133778,"UCE1-1139"
"160",11263141,"CE1-194"
"161",11283515,"CE1-26"
"162",11330004,"CE1-195"
"163",11415243,"CE1-196"
"164",11494130,"CE1-197"
"165",11600954,"UCE1-1167"
"166",11648478,"CE1-199"
"167",11648662,"UCE1-1174"
"168",11722283,"UCE1-1186"
"169",11737882,"CE1-200"
"170",11805353,"CE1-201"
"171",11875863,"CE1-202"
"172",11912194,"UCE1-1206"
"173",11956742,"CE1-203"
"174",12080463,"UCE1-1215"
"175",12166158,"UCE1-1253"
"176",12205641,"UCE1-1260"
"177",12334119,"UCE1-1284"
"178",12365029,"CE1-18"
"179",12433085,"CE1-7"
"180",12456601,"UCE1-1308"
"181",12498907,"UCE1-1312"
"182",12567413,"CE1-207"
"183",12612098,"UCE1-1333"
"184",12654691,"CE1-208"
"185",12654992,"UCE1-1352"
"186",12729813,"UCE1-1361"
"187",12738895,"CE1-209"
"188",12873377,"UCE1-1389"
"189",12936934,"CE1-210"
"190",12967075,"UCE1-1392"
"191",13140494,"UCE1-1400"
"192",13219636,"UCE1-1415"
"193",13294201,"CE1-213"
"194",13375902,"UCE1-1426"
"195",13424253,"UCE1-1433"
"196",13713121,"UCE1-1448"
"197",13727552,"CE1-10"
"198",13845117,"CE1-217"
"199",13850044,"CE1-248"
"200",13938762,"CE1-218"
"201",14026306,"CE1-219"
"202",14113165,"CE1-220"
"203",14155576,"UCE1-1512"
"204",14189368,"CE1-221"
"205",14266528,"UCE1-1518"
"206",14267212,"CE1-222"
"207",14307025,"CE1-258"
"208",14325175,"UCE1-1540"
"209",14443999,"CE1-223"
"210",14535059,"UCE1-1555"
"211",14576677,"UCE1-1557"
"212",14638545,"UCE1-1565"
"213",14737590,"CE1-225"
"214",14768017,"UCE1-1573"
"215",14845861,"CE1-11"
"216",14904789,"CE1-227"
"217",14910538,"UCE1-1602"
"218",15010594,"UCE1-1612"
"219",65038,"UCE2-503"
"220",180755,"CE2-225"
"221",193948,"UCE2-508"
"222",417415,"CE2-229"
"223",426624,"UCE2-522"
"224",441357,"UCE2-525"
"225",505541,"UCE2-528"
"226",534281,"CE2-102"
"227",661222,"CE2-32"
"228",762240,"CE2-239"
"229",828264,"UCE2-545"
"230",866663,"CE2-104"
"231",880743,"UCE2-554"
"232",960277,"UCE2-590"
"233",962517,"CE2-105"
"234",1043224,"UCE2-653"
"235",1156986,"UCE2-702"
"236",1158970,"UCE2-705"
"237",1228809,"UCE2-728"
"238",1284039,"UCE2-742"
"239",1407385,"CE2-108"
"240",1486590,"CE2-109"
"241",1593571,"UCE2-778"
"242",1708761,"UCE2-843"
"243",1750144,"UCE2-856"
"244",1808243,"UCE2-915"
"245",1939185,"UCE2-947"
"246",2065810,"CE2-114"
"247",2121018,"CE2-115"
"248",2182381,"UCE2-985"
"249",2218905,"CE2-230"
"250",2301117,"UCE2-1054"
"251",2354171,"UCE2-1078"
"252",2482896,"CE2-117"
"253",2486664,"CE2-24"
"254",2601221,"UCE2-1120"
"255",2688584,"UCE2-1129"
"256",2691194,"CE2-119"
"257",2749534,"CE2-20"
"258",2795341,"UCE2-1154"
"259",2808858,"UCE2-1158"
"260",2933621,"UCE2-1200"
"261",2947746,"CE2-121"
"262",3001223,"UCE2-1213"
"263",3044535,"CE2-122"
"264",3093400,"UCE2-1230"
"265",3254899,"UCE2-1259"
"266",3272782,"CE2-123"
"267",3397001,"UCE2-1312"
"268",3397685,"UCE2-1313"
"269",3576981,"UCE2-1377"
"270",3703990,"UCE2-1456"
"271",3729089,"UCE2-1482"
"272",3729978,"CE2-126"
"273",3828599,"CE2-16"
"274",3968038,"UCE2-1515"
"275",4003594,"CE2-128"
"276",4092529,"CE2-129"
"277",4145249,"UCE2-1552"
"278",4188418,"CE2-130"
"279",4278687,"CE2-131"
"280",4317263,"UCE2-1559"
"281",4406580,"CE2-2"
"282",4434611,"CE2-132"
"283",4471992,"UCE2-1577"
"284",4537318,"CE2-133"
"285",4676292,"CE2-134"
"286",4692061,"UCE2-1582"
"287",4740930,"UCE2-1586"
"288",4800869,"CE2-242"
"289",4934750,"UCE2-1597"
"290",5048614,"UCE2-1602"
"291",5150057,"CE2-235"
"292",5202380,"CE2-137"
"293",5235769,"UCE2-1610"
"294",5274748,"CE2-138"
"295",5329500,"CE2-8"
"296",5351443,"CE2-139"
"297",5401579,"CE2-140"
"298",5598604,"CE2-141"
"299",5860815,"UCE2-1644"
"300",5862803,"CE2-143"
"301",5949935,"CE2-144"
"302",5982970,"UCE2-1651"
"303",6014830,"UCE2-1654"
"304",6175492,"CE2-145"
"305",6231651,"UCE2-1658"
"306",6348699,"CE2-147"
"307",6406321,"UCE2-1665"
"308",6441068,"CE2-148"
"309",6538824,"CE2-149"
"310",6627059,"CE2-150"
"311",6672335,"CE2-22"
"312",6765566,"UCE2-1676"
"313",6765736,"CE2-151"
"314",6825752,"UCE2-1690"
"315",6919104,"UCE2-1697"
"316",6979015,"UCE2-1703"
"317",7041383,"CE2-153"
"318",7107955,"CE2-154"
"319",7143370,"UCE2-1708"
"320",7207148,"UCE2-1709"
"321",7296275,"UCE2-1730"
"322",7298329,"CE2-155"
"323",7340672,"UCE2-1736"
"324",7375197,"CE2-156"
"325",7491089,"UCE2-1748"
"326",7538288,"CE2-13"
"327",7671295,"UCE2-1755"
"328",7671655,"UCE2-1756"
"329",7740249,"CE2-158"
"330",7807016,"UCE2-1763"
"331",7814030,"CE2-159"
"332",7872144,"CE2-160"
"333",7934363,"UCE2-1768"
"334",8035162,"CE2-162"
"335",8117631,"UCE2-1775"
"336",8132801,"CE2-163"
"337",8204363,"UCE2-1778"
"338",8387074,"CE2-164"
"339",8418705,"CE2-11"
"340",8571615,"CE2-166"
"341",8702017,"CE2-167"
"342",8712793,"CE2-28"
"343",8844580,"CE2-10"
"344",8866052,"CE2-168"
"345",8927514,"CE2-169"
"346",9007994,"CE2-170"
"347",9052469,"CE2-18"
"348",9064513,"CE2-171"
"349",9141835,"CE2-236"
"350",9145102,"CE2-172"
"351",9216804,"UCE2-1832"
"352",9307798,"UCE2-1837"
"353",9551019,"UCE2-1850"
"354",9621382,"UCE2-1862"
"355",9782566,"CE2-177"
"356",9835807,"CE2-178"
"357",9917206,"CE2-179"
"358",10013190,"CE2-180"
"359",10051366,"CE2-14"
"360",10073230,"UCE2-1879"
"361",10180776,"CE2-181"
"362",10201018,"UCE2-1883"
"363",10244718,"CE2-182"
"364",10315533,"UCE2-1884"
"365",10328419,"CE2-183"
"366",10414082,"CE2-184"
"367",10437279,"UCE2-1897"
"368",10506943,"CE2-185"
"369",10665733,"CE2-3"
"370",10694943,"CE2-186"
"371",10759073,"CE2-187"
"372",10821798,"UCE2-1939"
"373",10900050,"UCE2-1946"
"374",10928858,"CE2-188"
"375",10993539,"UCE2-1949"
"376",11020989,"CE2-189"
"377",11260841,"UCE2-1985"
"378",11305492,"UCE2-1991"
"379",11359136,"CE2-12"
"380",11413686,"UCE2-2012"
"381",11492080,"CE2-192"
"382",11589405,"CE2-193"
"383",11590697,"UCE2-2019"
"384",11619162,"UCE2-2020"
"385",11671864,"CE2-194"
"386",11709744,"UCE2-2028"
"387",11749165,"CE2-195"
"388",11833638,"UCE2-2047"
"389",11908243,"CE2-196"
"390",11910165,"CE2-237"
"391",12008087,"UCE2-2058"
"392",12008253,"CE2-197"
"393",12109370,"UCE2-2081"
"394",12181142,"CE2-198"
"395",12280277,"UCE2-2092"
"396",12350449,"CE2-31"
"397",12419488,"CE2-17"
"398",12471041,"CE2-201"
"399",12522556,"UCE2-2119"
"400",12567819,"CE2-202"
"401",12654621,"UCE2-2137"
"402",12659882,"UCE2-2141"
"403",12734621,"CE2-204"
"404",12787738,"CE2-245"
"405",12889415,"UCE2-2150"
"406",12955759,"UCE2-2153"
"407",12986531,"CE2-205"
"408",13076492,"UCE2-2169"
"409",13081888,"CE2-206"
"410",13123699,"UCE2-2174"
"411",13178711,"CE2-207"
"412",13181606,"UCE2-2182"
"413",13213386,"UCE2-2192"
"414",13279431,"CE2-208"
"415",13408984,"UCE2-2227"
"416",13418996,"UCE2-2243"
"417",13516256,"UCE2-2248"
"418",13601155,"CE2-210"
"419",13694563,"CE2-211"
"420",13813025,"CE2-238"
"421",13874418,"UCE2-2279"
"422",13927149,"UCE2-2281"
"423",13980551,"CE2-233"
"424",14040858,"UCE2-2289"
"425",14041031,"CE2-214"
"426",14132471,"CE2-215"
"427",14204542,"CE2-216"
"428",14276113,"UCE2-2306"
"429",14358453,"UCE2-2313"
"430",14490774,"UCE2-2326"
"431",14543363,"UCE2-2332"
"432",14580800,"CE2-219"
"433",14636230,"UCE2-2338"
"434",14649851,"UCE2-2339"
"435",14772423,"CE2-221"
"436",14856339,"CE2-29"
"437",14940653,"UCE2-2385"
"438",14955649,"CE2-222"
"439",15025386,"CE2-223"
"440",15025609,"UCE2-2397"
"441",15101282,"UCE2-2400"
"442",21514,"CE3-28"
"443",49789,"UCE3-537"
"444",137701,"UCE3-563"
"445",173669,"UCE3-584"
"446",236353,"UCE3-590"
"447",252490,"CE3-102"
"448",360482,"CE3-103"
"449",371938,"UCE3-594"
"450",447772,"UCE3-595"
"451",540365,"CE3-104"
"452",694494,"UCE3-614"
"453",746759,"CE3-21"
"454",811704,"UCE3-619"
"455",844837,"UCE3-622"
"456",901697,"CE3-106"
"457",919691,"UCE3-627"
"458",1061265,"UCE3-692"
"459",1142947,"CE3-108"
"460",1187960,"UCE3-699"
"461",1237685,"CE3-109"
"462",1586488,"CE3-111"
"463",1616465,"UCE3-702"
"464",1638858,"CE3-112"
"465",1765659,"UCE3-721"
"466",1803894,"UCE3-730"
"467",1842874,"UCE3-738"
"468",1893289,"CE3-216"
"469",1893382,"CE3-114"
"470",1972629,"UCE3-746"
"471",1974773,"CE3-115"
"472",2164475,"CE3-116"
"473",2255584,"CE3-117"
"474",2370340,"CE3-118"
"475",2453399,"UCE3-761"
"476",2487740,"UCE3-764"
"477",2545513,"UCE3-767"
"478",2655404,"UCE3-777"
"479",2750388,"CE3-122"
"480",2750507,"UCE3-786"
"481",2752183,"UCE3-788"
"482",2812977,"UCE3-789"
"483",2851780,"UCE3-792"
"484",2941118,"UCE3-798"
"485",2941317,"UCE3-799"
"486",3046954,"CE3-123"
"487",3067664,"UCE3-811"
"488",3188921,"CE3-3"
"489",3329658,"UCE3-821"
"490",3346539,"UCE3-825"
"491",3359033,"CE3-127"
"492",3435046,"UCE3-832"
"493",3451844,"CE3-128"
"494",3553013,"CE3-129"
"495",3574914,"UCE3-835"
"496",3591533,"CE3-15"
"497",3633274,"CE3-130"
"498",3863247,"CE3-132"
"499",3992945,"UCE3-855"
"500",4076867,"UCE3-859"
"501",4086209,"UCE3-862"
"502",4138126,"CE3-134"
"503",4279551,"CE3-135"
"504",4356477,"CE3-136"
"505",4611249,"CE3-138"
"506",4640960,"UCE3-867"
"507",4681394,"CE3-139"
"508",4791155,"CE3-140"
"509",4877043,"CE3-141"
"510",5150248,"UCE3-894"
"511",5188009,"CE3-7"
"512",5290862,"CE3-142"
"513",5346390,"CE3-143"
"514",5438312,"CE3-144"
"515",5479356,"UCE3-905"
"516",5504107,"UCE3-909"
"517",5603610,"UCE3-917"
"518",5624239,"CE3-145"
"519",5683986,"UCE3-920"
"520",5732673,"UCE3-933"
"521",5756048,"CE3-146"
"522",5932157,"UCE3-940"
"523",6069721,"CE3-148"
"524",6144850,"CE3-149"
"525",6330483,"CE3-150"
"526",6411815,"CE3-151"
"527",6578738,"CE3-152"
"528",6678715,"CE3-217"
"529",6679466,"CE3-153"
"530",6699505,"CE3-13"
"531",6752388,"CE3-154"
"532",6793001,"UCE3-960"
"533",6847173,"CE3-155"
"534",6927301,"UCE3-972"
"535",6951387,"UCE3-975"
"536",7037219,"CE3-157"
"537",7070670,"UCE3-988"
"538",7232348,"CE3-159"
"539",7244131,"UCE3-993"
"540",7320448,"CE3-160"
"541",7385398,"UCE3-1010"
"542",7394719,"CE3-161"
"543",7465518,"CE3-162"
"544",7533796,"CE3-163"
"545",7605577,"CE3-164"
"546",7605747,"UCE3-1020"
"547",7658054,"CE3-165"
"548",7730605,"UCE3-1035"
"549",7804999,"CE3-9"
"550",7829012,"CE3-166"
"551",7909143,"CE3-167"
"552",7952399,"UCE3-1056"
"553",8008191,"CE3-168"
"554",8126283,"UCE3-1060"
"555",8230846,"CE3-169"
"556",8318559,"CE3-170"
"557",8321988,"UCE3-1065"
"558",8365198,"UCE3-1068"
"559",8400162,"CE3-171"
"560",8498498,"CE3-172"
"561",8626415,"UCE3-1075"
"562",8628345,"UCE3-1076"
"563",8677748,"CE3-173"
"564",8804571,"CE3-174"
"565",8933566,"UCE3-1088"
"566",9028289,"CE3-176"
"567",9181978,"UCE3-1091"
"568",9219053,"CE3-178"
"569",9287925,"UCE3-1101"
"570",9308865,"CE3-179"
"571",9400196,"CE3-180"
"572",9432020,"UCE3-1106"
"573",9474177,"CE3-181"
"574",9550679,"CE3-27"
"575",9558457,"CE3-213"
"576",9742851,"CE3-182"
"577",9747951,"UCE3-1116"
"578",9834108,"CE3-183"
"579",9834215,"UCE3-1123"
"580",9997088,"UCE3-1129"
"581",10031121,"UCE3-1130"
"582",10094901,"CE3-185"
"583",10192348,"CE3-186"
"584",10243916,"CE3-218"
"585",10275215,"CE3-187"
"586",10301576,"UCE3-1146"
"587",10385084,"CE3-18"
"588",10399711,"UCE3-1158"
"589",10437880,"UCE3-1159"
"590",10526222,"CE3-8"
"591",10539181,"CE3-188"
"592",10602502,"UCE3-1180"
"593",10675325,"UCE3-1192"
"594",10720766,"CE3-190"
"595",10817878,"CE3-191"
"596",10837246,"UCE3-1202"
"597",10914864,"CE3-192"
"598",10924027,"UCE3-1206"
"599",11116518,"UCE3-1217"
"600",11143979,"UCE3-1220"
"601",11200275,"CE3-193"
"602",11241215,"UCE3-1226"
"603",11335956,"CE3-194"
"604",11378112,"UCE3-1234"
"605",11428485,"CE3-195"
"606",11542954,"UCE3-1247"
"607",11659789,"UCE3-1258"
"608",11699919,"CE3-197"
"609",11766440,"CE3-19"
"610",11801547,"CE3-198"
"611",11810422,"UCE3-1270"
"612",11874121,"UCE3-1284"
"613",11916684,"UCE3-1290"
"614",12013112,"UCE3-1296"
"615",12019921,"UCE3-1302"
"616",12161088,"CE3-200"
"617",12301958,"CE3-202"
"618",12528274,"CE3-204"
"619",12589491,"UCE3-1341"
"620",12614683,"UCE3-1349"
"621",12689887,"UCE3-1354"
"622",12690016,"UCE3-1355"
"623",12788675,"UCE3-1366"
"624",12806790,"CE3-12"
"625",12883343,"UCE3-1379"
"626",12960573,"UCE3-1382"
"627",12963022,"UCE3-1385"
"628",13024692,"UCE3-1386"
"629",13070922,"CE3-207"
"630",13363436,"CE3-209"
"631",13444200,"CE3-210"
"632",13463736,"UCE3-1397"
"633",13539883,"CE3-211"
"634",13572197,"CE3-10"
"635",13605272,"CE3-212"
"636",13678618,"UCE3-1422"
"637",13719366,"UCE3-1429"
"638",13762563,"UCE3-1433"
"639",419847,"CE4-100"
"640",657969,"CE4-101"
"641",781321,"UCE4-507"
"642",795262,"UCE4-513"
"643",831646,"UCE4-519"
"644",955056,"UCE4-521"
"645",1063709,"CE4-228"
"646",1087026,"UCE4-526"
"647",1322900,"UCE4-532"
"648",1335369,"UCE4-537"
"649",1396330,"CE4-105"
"650",1428840,"UCE4-545"
"651",1488728,"UCE4-566"
"652",1577498,"CE4-106"
"653",1601253,"UCE4-592"
"654",1751637,"CE4-223"
"655",1873297,"UCE4-605"
"656",1942488,"CE4-108"
"657",2052488,"UCE4-618"
"658",2095589,"CE4-109"
"659",2161589,"UCE4-629"
"660",2172527,"CE4-23"
"661",2249913,"UCE4-654"
"662",2289095,"CE4-110"
"663",2328156,"UCE4-659"
"664",2457184,"UCE4-670"
"665",2495180,"CE4-112"
"666",2555936,"CE4-113"
"667",2556583,"UCE4-676"
"668",2640684,"CE4-114"
"669",2803159,"UCE4-694"
"670",2914276,"UCE4-700"
"671",3008355,"UCE4-705"
"672",3049104,"UCE4-708"
"673",3152467,"CE4-118"
"674",3171602,"UCE4-716"
"675",3341442,"UCE4-744"
"676",3383188,"UCE4-745"
"677",3480459,"CE4-120"
"678",3502601,"UCE4-765"
"679",3559411,"UCE4-773"
"680",3579826,"CE4-121"
"681",3645621,"UCE4-787"
"682",3737425,"CE4-123"
"683",3813651,"CE4-124"
"684",3882708,"UCE4-817"
"685",3886466,"CE4-232"
"686",4009424,"CE4-224"
"687",4051259,"CE4-15"
"688",4069354,"UCE4-847"
"689",4173384,"UCE4-864"
"690",4265784,"UCE4-877"
"691",4281915,"CE4-225"
"692",4369091,"UCE4-886"
"693",4526745,"CE4-21"
"694",4579403,"UCE4-892"
"695",4625308,"CE4-125"
"696",4779016,"CE4-126"
"697",4877360,"UCE4-901"
"698",4978595,"CE4-127"
"699",5034081,"UCE4-905"
"700",5039073,"UCE4-907"
"701",5140526,"CE4-128"
"702",5228869,"CE4-129"
"703",5230227,"UCE4-913"
"704",5513221,"CE4-131"
"705",5732323,"UCE4-920"
"706",5766594,"CE4-12"
"707",5819728,"CE4-132"
"708",5847054,"UCE4-935"
"709",5993737,"UCE4-940"
"710",6077557,"CE4-133"
"711",6104015,"UCE4-941"
"712",6173559,"CE4-134"
"713",6194904,"UCE4-944"
"714",6260291,"CE4-135"
"715",6278860,"UCE4-948"
"716",6384373,"UCE4-949"
"717",6414193,"CE4-137"
"718",6461993,"UCE4-953"
"719",6507432,"CE4-226"
"720",6544139,"UCE4-956"
"721",6602009,"CE4-138"
"722",6645012,"UCE4-963"
"723",6790447,"UCE4-971"
"724",6790549,"CE4-139"
"725",6975030,"UCE4-974"
"726",7081679,"CE4-141"
"727",7360407,"UCE4-978"
"728",7405246,"CE4-14"
"729",7427990,"UCE4-985"
"730",7470754,"UCE4-988"
"731",7517263,"CE4-145"
"732",7556625,"UCE4-995"
"733",7610576,"CE4-146"
"734",7692800,"CE4-147"
"735",7712383,"UCE4-1012"
"736",7827613,"CE4-148"
"737",7849417,"UCE4-1016"
"738",7900249,"CE4-233"
"739",7919676,"CE4-149"
"740",7963429,"UCE4-1018"
"741",8014460,"CE4-150"
"742",8046240,"UCE4-1020"
"743",8162278,"CE4-151"
"744",8228705,"CE4-152"
"745",8286644,"CE4-153"
"746",8346572,"CE4-154"
"747",8434404,"CE4-155"
"748",8448922,"UCE4-1053"
"749",8491479,"UCE4-1055"
"750",8569553,"UCE4-1059"
"751",8587421,"CE4-156"
"752",8674290,"CE4-157"
"753",8676469,"CE4-6"
"754",8767548,"CE4-158"
"755",8859180,"CE4-159"
"756",8921798,"CE4-160"
"757",9002934,"CE4-161"
"758",9100903,"CE4-162"
"759",9192101,"CE4-163"
"760",9225944,"UCE4-1071"
"761",9318640,"CE4-32"
"762",9353916,"CE4-165"
"763",9548887,"UCE4-1080"
"764",9619027,"CE4-166"
"765",9673330,"UCE4-1081"
"766",9715408,"CE4-167"
"767",9867137,"UCE4-1084"
"768",9884304,"CE4-169"
"769",9967684,"CE4-170"
"770",10073916,"UCE4-1086"
"771",10112197,"UCE4-1090"
"772",10151800,"UCE4-1093"
"773",10228846,"UCE4-1094"
"774",10258663,"CE4-26"
"775",10279576,"UCE4-1110"
"776",10613488,"UCE4-1113"
"777",10653079,"UCE4-1116"
"778",10677530,"CE4-172"
"779",10835779,"CE4-173"
"780",10909553,"CE4-20"
"781",11082973,"CE4-174"
"782",11166263,"CE4-175"
"783",11247283,"UCE4-1138"
"784",11259345,"CE4-229"
"785",11315719,"CE4-9"
"786",11349401,"CE4-176"
"787",11401759,"UCE4-1144"
"788",11438913,"CE4-177"
"789",11474601,"UCE4-1146"
"790",11508350,"UCE4-1147"
"791",11603948,"CE4-178"
"792",11666986,"CE4-179"
"793",11668235,"CE4-1"
"794",11747240,"UCE4-1155"
"795",11753080,"CE4-180"
"796",11830215,"CE4-19"
"797",11839652,"CE4-181"
"798",11912039,"UCE4-1163"
"799",12050010,"UCE4-1167"
"800",12124863,"UCE4-1171"
"801",12207620,"UCE4-1175"
"802",12290012,"UCE4-1176"
"803",12291283,"UCE4-1177"
"804",12382900,"CE4-185"
"805",12429764,"UCE4-1180"
"806",12453623,"CE4-186"
"807",12524273,"CE4-187"
"808",12534702,"UCE4-1185"
"809",12613411,"CE4-188"
"810",12694946,"CE4-189"
"811",12758850,"UCE4-1192"
"812",12780086,"UCE4-1194"
"813",12841509,"CE4-28"
"814",12884794,"UCE4-1202"
"815",12908559,"CE4-234"
"816",12920231,"UCE4-1207"
"817",12971748,"CE4-230"
"818",13005739,"UCE4-1229"
"819",13082495,"UCE4-1238"
"820",13096998,"UCE4-1239"
"821",13239121,"UCE4-1244"
"822",13240987,"CE4-10"
"823",13370549,"CE4-194"
"824",13532205,"UCE4-1253"
"825",13629783,"CE4-195"
"826",13706648,"UCE4-1258"
"827",13730742,"UCE4-1263"
"828",13809805,"CE4-196"
"829",13898210,"CE4-244"
"830",13904324,"UCE4-1266"
"831",13996112,"UCE4-1269"
"832",14027715,"UCE4-1275"
"833",14091463,"CE4-197"
"834",14112559,"UCE4-1283"
"835",14153910,"UCE4-1284"
"836",14176888,"CE4-198"
"837",14263782,"CE4-199"
"838",14264134,"UCE4-1314"
"839",14335307,"UCE4-1320"
"840",14357826,"CE4-200"
"841",14423623,"UCE4-1337"
"842",14424452,"UCE4-1345"
"843",14517144,"UCE4-1356"
"844",14608247,"UCE4-1363"
"845",14664093,"UCE4-1369"
"846",14843111,"CE4-204"
"847",14857053,"UCE4-1380"
"848",15008938,"UCE4-1408"
"849",15013741,"UCE4-1414"
"850",15020258,"CE4-205"
"851",15105484,"CE4-206"
"852",15105640,"UCE4-1424"
"853",15181493,"CE4-207"
"854",15280795,"CE4-208"
"855",15324783,"UCE4-1438"
"856",15369511,"UCE4-1450"
"857",15383755,"UCE4-1455"
"858",15429504,"CE4-245"
"859",15466627,"UCE4-1456"
"860",15568674,"CE4-209"
"861",15632637,"CE4-210"
"862",15706631,"UCE4-1468"
"863",15731721,"CE4-211"
"864",15784873,"CE4-227"
"865",15849901,"UCE4-1495"
"866",15879912,"CE4-212"
"867",15907482,"CE4-235"
"868",16006284,"UCE4-1520"
"869",16006550,"UCE4-1522"
"870",16090663,"UCE4-1523"
"871",16160202,"UCE4-1525"
"872",16170753,"UCE4-1531"
"873",16206471,"UCE4-1536"
"874",16259298,"UCE4-1545"
"875",16277945,"CE4-213"
"876",16403215,"UCE4-1581"
"877",16442579,"UCE4-1586"
"878",16474126,"CE4-214"
"879",16579003,"UCE4-1593"
"880",16624541,"UCE4-1601"
"881",16645815,"CE4-215"
"882",16777527,"UCE4-1606"
"883",16778921,"CE4-217"
"884",16863459,"UCE4-1610"
"885",16888446,"UCE4-1612"
"886",16947755,"CE4-218"
"887",17152768,"UCE4-1623"
"888",17237256,"UCE4-1635"
"889",17321315,"UCE4-1641"
"890",17340909,"UCE4-1644"
"891",17392781,"CE4-222"
"892",17413948,"UCE4-1649"
"893",16796,"CE5-17"
"894",80490,"UCE5-504"
"895",93558,"CE5-101"
"896",147789,"CE5-102"
"897",293595,"CE5-104"
"898",399752,"CE5-105"
"899",497944,"CE5-2"
"900",499846,"CE5-106"
"901",591257,"CE5-107"
"902",606865,"UCE5-594"
"903",679522,"UCE5-599"
"904",679781,"UCE5-601"
"905",853904,"UCE5-654"
"906",872773,"CE5-110"
"907",1038832,"CE5-111"
"908",1073081,"UCE5-678"
"909",1129301,"CE5-112"
"910",1129412,"UCE5-698"
"911",1200645,"CE5-113"
"912",1277224,"UCE5-709"
"913",1297643,"CE5-114"
"914",1486129,"CE5-116"
"915",1564018,"UCE5-726"
"916",1577100,"CE5-270"
"917",1625843,"UCE5-731"
"918",1699763,"UCE5-740"
"919",1796786,"UCE5-756"
"920",1796919,"UCE5-759"
"921",1937385,"CE5-119"
"922",2028290,"CE5-120"
"923",2099106,"CE5-121"
"924",2134534,"UCE5-776"
"925",2190026,"CE5-122"
"926",2225355,"CE5-273"
"927",2251173,"UCE5-787"
"928",2304297,"UCE5-808"
"929",2575300,"UCE5-810"
"930",2675409,"UCE5-820"
"931",2755392,"UCE5-833"
"932",2779145,"UCE5-835"
"933",2917639,"UCE5-866"
"934",2919446,"CE5-127"
"935",2984477,"UCE5-877"
"936",3081025,"CE5-129"
"937",3111900,"UCE5-905"
"938",3199728,"UCE5-921"
"939",3258652,"CE5-130"
"940",3260343,"UCE5-934"
"941",3319270,"UCE5-954"
"942",3319411,"CE5-131"
"943",3473273,"UCE5-1011"
"944",3473548,"UCE5-1012"
"945",3545004,"CE5-133"
"946",3584839,"UCE5-1023"
"947",3637179,"UCE5-1030"
"948",3682095,"CE5-36"
"949",3730262,"CE5-134"
"950",3819930,"UCE5-1067"
"951",3846185,"UCE5-1070"
"952",3929994,"UCE5-1143"
"953",3934961,"UCE5-1146"
"954",4043487,"UCE5-1182"
"955",4090642,"CE5-6"
"956",4296831,"UCE5-1198"
"957",4298834,"CE5-137"
"958",4442127,"UCE5-1233"
"959",4500917,"CE5-138"
"960",4588369,"CE5-139"
"961",4616401,"UCE5-1244"
"962",4842537,"UCE5-1245"
"963",4889116,"UCE5-1247"
"964",4927569,"UCE5-1251"
"965",5105736,"UCE5-1289"
"966",5106809,"UCE5-1293"
"967",5173486,"UCE5-1311"
"968",5175225,"CE5-143"
"969",5281967,"CE5-145"
"970",5321918,"UCE5-1345"
"971",5369558,"CE5-146"
"972",5462228,"CE5-147"
"973",5546268,"CE5-148"
"974",5617774,"CE5-149"
"975",5648277,"UCE5-1371"
"976",5692409,"UCE5-1379"
"977",5795712,"CE5-151"
"978",5814005,"UCE5-1395"
"979",5850648,"UCE5-1401"
"980",5894797,"UCE5-1409"
"981",5980994,"UCE5-1413"
"982",6008923,"UCE5-1416"
"983",6064846,"CE5-153"
"984",6259748,"CE5-12"
"985",6336140,"CE5-1"
"986",6444111,"CE5-156"
"987",6618036,"CE5-278"
"988",6630357,"UCE5-1468"
"989",6760652,"UCE5-1487"
"990",6784656,"UCE5-1491"
"991",6878994,"CE5-158"
"992",6914789,"UCE5-1507"
"993",6982216,"UCE5-1509"
"994",7067113,"CE5-159"
"995",7112226,"CE5-35"
"996",7146033,"CE5-160"
"997",7239344,"CE5-161"
"998",7240840,"UCE5-1519"
"999",7302280,"CE5-162"
"1000",7402620,"UCE5-1534"
"1001",7482155,"UCE5-1544"
"1002",7489835,"CE5-164"
"1003",7580667,"CE5-165"
"1004",7601406,"UCE5-1563"
"1005",7758312,"CE5-166"
"1006",7759043,"UCE5-1703"
"1007",7835289,"CE5-167"
"1008",7972078,"CE5-168"
"1009",8012257,"UCE5-1719"
"1010",8156948,"CE5-169"
"1011",8270382,"CE5-170"
"1012",8270476,"CE5-275"
"1013",8362428,"CE5-171"
"1014",8398682,"UCE5-1724"
"1015",8498661,"UCE5-1726"
"1016",8716204,"UCE5-1734"
"1017",8717713,"UCE5-1735"
"1018",8968582,"CE5-172"
"1019",9039059,"CE5-173"
"1020",9092610,"CE5-174"
"1021",9248445,"UCE5-1742"
"1022",9287488,"CE5-176"
"1023",9343133,"UCE5-1746"
"1024",9379328,"CE5-177"
"1025",9482650,"UCE5-1780"
"1026",9507548,"CE5-15"
"1027",9542056,"CE5-179"
"1028",9593104,"CE5-180"
"1029",9674864,"CE5-181"
"1030",9792591,"UCE5-1790"
"1031",9794173,"UCE5-1791"
"1032",9903844,"CE5-184"
"1033",10124424,"CE5-283"
"1034",10240553,"CE5-185"
"1035",10248667,"UCE5-1809"
"1036",10356066,"CE5-186"
"1037",10367837,"UCE5-1813"
"1038",10444663,"CE5-187"
"1039",10568530,"CE5-188"
"1040",10594213,"UCE5-1830"
"1041",10695883,"CE5-189"
"1042",10720923,"UCE5-1839"
"1043",10839515,"UCE5-1841"
"1044",10846993,"CE5-190"
"1045",10943429,"CE5-191"
"1046",11004148,"CE5-20"
"1047",11036032,"UCE5-1858"
"1048",11114674,"UCE5-1861"
"1049",11132229,"CE5-192"
"1050",11198981,"UCE5-1862"
"1051",11220234,"UCE5-1863"
"1052",11321911,"CE5-194"
"1053",11340459,"UCE5-1869"
"1054",11402819,"UCE5-1871"
"1055",11411367,"CE5-195"
"1056",11467135,"CE5-8"
"1057",11476306,"UCE5-1879"
"1058",11611799,"UCE5-1882"
"1059",11680770,"CE5-196"
"1060",11779464,"CE5-197"
"1061",11791971,"UCE5-1887"
"1062",11869685,"UCE5-1890"
"1063",11878312,"UCE5-1892"
"1064",11980446,"UCE5-1905"
"1065",12010157,"UCE5-1908"
"1066",12125452,"CE5-198"
"1067",12153737,"CE5-18"
"1068",12220634,"CE5-199"
"1069",12222711,"UCE5-1932"
"1070",12288256,"UCE5-1939"
"1071",12314130,"CE5-200"
"1072",12426773,"UCE5-1966"
"1073",12460814,"UCE5-1973"
"1074",12487094,"CE5-201"
"1075",12583131,"CE5-202"
"1076",12638412,"UCE5-1983"
"1077",12750712,"UCE5-1992"
"1078",12835906,"CE5-204"
"1079",12935216,"CE5-205"
"1080",12985385,"UCE5-2003"
"1081",13031355,"CE5-206"
"1082",13051193,"CE5-28"
"1083",13120429,"CE5-207"
"1084",13185945,"UCE5-2013"
"1085",13213887,"CE5-208"
"1086",13263762,"UCE5-2018"
"1087",13311318,"CE5-272"
"1088",13370653,"CE5-209"
"1089",13372433,"UCE5-2023"
"1090",13438077,"UCE5-2027"
"1091",13540701,"CE5-210"
"1092",13628652,"CE5-211"
"1093",13662278,"UCE5-2033"
"1094",13749324,"UCE5-2038"
"1095",13751805,"UCE5-2039"
"1096",13915827,"UCE5-2042"
"1097",13947670,"CE5-213"
"1098",14140411,"CE5-11"
"1099",14150454,"CE5-214"
"1100",14322702,"CE5-216"
"1101",14355662,"UCE5-2079"
"1102",14420671,"CE5-217"
"1103",14422971,"UCE5-2083"
"1104",14585480,"CE5-219"
"1105",14642812,"CE5-220"
"1106",14720477,"UCE5-2087"
"1107",14804178,"CE5-221"
"1108",14856185,"CE5-13"
"1109",14870915,"UCE5-2093"
"1110",14941788,"UCE5-2103"
"1111",14992717,"CE5-223"
"1112",15087802,"CE5-224"
"1113",15182785,"UCE5-2107"
"1114",15196511,"UCE5-2118"
"1115",15329038,"UCE5-2133"
"1116",15349187,"CE5-226"
"1117",15367674,"CE5-10"
"1118",15418157,"UCE5-2137"
"1119",15426054,"CE5-227"
"1120",15512110,"CE5-228"
"1121",15591056,"CE5-229"
"1122",15790107,"UCE5-2206"
"1123",15800570,"UCE5-2208"
"1124",15884228,"UCE5-2218"
"1125",15885487,"UCE5-2222"
"1126",16021119,"CE5-233"
"1127",16055993,"UCE5-2291"
"1128",16120932,"CE5-234"
"1129",16253776,"UCE5-2331"
"1130",16275845,"UCE5-2344"
"1131",16385587,"CE5-236"
"1132",16407592,"UCE5-2369"
"1133",16442100,"UCE5-2383"
"1134",16502385,"UCE5-2401"
"1135",16543031,"CE5-237"
"1136",16623881,"UCE5-2435"
"1137",16778354,"UCE5-2460"
"1138",16780131,"UCE5-2463"
"1139",16837169,"UCE5-2486"
"1140",16888387,"CE5-240"
"1141",16899504,"UCE5-2496"
"1142",16900781,"UCE5-2497"
"1143",16977589,"CE5-241"
"1144",17012148,"UCE5-2500"
"1145",17071969,"CE5-242"
"1146",17165537,"CE5-243"
"1147",17205255,"CE5-21"
"1148",17374541,"CE5-244"
"1149",17375138,"CE5-5"
"1150",17520493,"CE5-245"
"1151",17520781,"UCE5-2560"
"1152",17589958,"UCE5-2565"
"1153",17697756,"UCE5-2685"
"1154",17704376,"CE5-247"
"1155",17795841,"UCE5-2721"
"1156",17796313,"CE5-248"
"1157",17914105,"CE5-249"
"1158",18007440,"UCE5-2758"
"1159",18009750,"UCE5-2760"
"1160",18120342,"UCE5-2771"
"1161",18168654,"UCE5-2776"
"1162",18262314,"UCE5-2793"
"1163",18262699,"CE5-251"
"1164",18278601,"UCE5-2796"
"1165",18354545,"UCE5-2802"
"1166",18392644,"CE5-9"
"1167",18498888,"UCE5-2837"
"1168",18554914,"CE5-285"
"1169",18637634,"UCE5-2847"
"1170",18657948,"CE5-252"
"1171",18757388,"CE5-253"
"1172",18824515,"CE5-254"
"1173",18921048,"CE5-19"
"1174",18924167,"CE5-43"
"1175",19131316,"CE5-286"
"1176",19135273,"UCE5-2890"
"1177",19210912,"UCE5-2896"
"1178",19231552,"UCE5-2902"
"1179",19391069,"UCE5-3001"
"1180",19515184,"CE5-257"
"1181",19515358,"UCE5-3010"
"1182",19596260,"UCE5-3033"
"1183",19608892,"CE5-258"
"1184",19671493,"CE5-259"
"1185",19710742,"UCE5-3044"
"1186",19774547,"UCE5-3087"
"1187",19893002,"UCE5-3094"
"1188",19933932,"UCE5-3097"
"1189",20112786,"CE5-263"
"1190",20196865,"UCE5-3106"
"1191",20198668,"UCE5-3113"
"1192",20264925,"UCE5-3168"
"1193",20290768,"CE5-31"
"1194",20383794,"CE5-265"
"1195",20435165,"UCE5-3182"
"1196",20437968,"UCE5-3195"
"1197",20626598,"CE5-267"
"1198",20651440,"UCE5-3397"
"1199",20824979,"UCE5-3416"
"1200",20862485,"CE5-269"
"1201",350084,"UCE6-531"
"1202",387180,"CE6-103"
"1203",478348,"CE6-104"
"1204",543068,"CE6-105"
"1205",547548,"UCE6-543"
"1206",596094,"UCE6-544"
"1207",636850,"CE6-106"
"1208",718523,"UCE6-548"
"1209",734972,"CE6-107"
"1210",789666,"CE6-108"
"1211",911871,"UCE6-560"
"1212",982564,"CE6-110"
"1213",1001412,"UCE6-566"
"1214",1127311,"CE6-220"
"1215",1182001,"UCE6-577"
"1216",1215425,"CE6-111"
"1217",1310698,"UCE6-584"
"1218",1358166,"CE6-20"
"1219",1447260,"UCE6-593"
"1220",1447824,"UCE6-598"
"1221",1502698,"UCE6-600"
"1222",1549457,"CE6-221"
"1223",1613525,"UCE6-641"
"1224",1785496,"CE6-223"
"1225",1850468,"UCE6-703"
"1226",1922789,"CE6-112"
"1227",2013369,"CE6-113"
"1228",2090663,"CE6-114"
"1229",2090772,"CE6-18"
"1230",2184811,"CE6-115"
"1231",2214385,"UCE6-725"
"1232",2275881,"CE6-116"
"1233",2357663,"UCE6-738"
"1234",2406946,"UCE6-754"
"1235",2452820,"CE6-118"
"1236",2550901,"UCE6-761"
"1237",2552391,"UCE6-763"
"1238",2611067,"UCE6-764"
"1239",2701231,"UCE6-769"
"1240",2727321,"CE6-120"
"1241",2778640,"UCE6-775"
"1242",2844469,"UCE6-776"
"1243",2877421,"CE6-122"
"1244",2924225,"UCE6-783"
"1245",3015791,"UCE6-786"
"1246",3040005,"UCE6-790"
"1247",3119421,"UCE6-802"
"1248",3195443,"CE6-9"
"1249",3204628,"UCE6-808"
"1250",3281640,"CE6-125"
"1251",3350508,"UCE6-814"
"1252",3401659,"UCE6-817"
"1253",3421818,"CE6-126"
"1254",3527072,"CE6-127"
"1255",3679241,"UCE6-833"
"1256",3716912,"UCE6-835"
"1257",3814906,"UCE6-839"
"1258",3820211,"UCE6-840"
"1259",3921081,"CE6-128"
"1260",4060837,"CE6-129"
"1261",4279603,"UCE6-854"
"1262",4309966,"CE6-130"
"1263",4389221,"UCE6-858"
"1264",4401748,"CE6-131"
"1265",4500370,"CE6-132"
"1266",4507509,"UCE6-865"
"1267",4571085,"UCE6-870"
"1268",4615752,"UCE6-871"
"1269",4649198,"UCE6-872"
"1270",4745910,"CE6-216"
"1271",4753766,"CE6-134"
"1272",4900879,"CE6-4"
"1273",4927296,"CE6-135"
"1274",5022107,"CE6-136"
"1275",5033443,"UCE6-886"
"1276",5152490,"UCE6-888"
"1277",5153185,"UCE6-890"
"1278",5234760,"UCE6-904"
"1279",5273988,"CE6-139"
"1280",5414458,"UCE6-929"
"1281",5466214,"CE6-140"
"1282",5562593,"CE6-141"
"1283",5568979,"UCE6-940"
"1284",5621433,"CE6-29"
"1285",5729183,"CE6-142"
"1286",5759067,"UCE6-952"
"1287",5819564,"UCE6-962"
"1288",5877800,"UCE6-965"
"1289",5961158,"UCE6-983"
"1290",5963609,"UCE6-985"
"1291",6014350,"CE6-144"
"1292",6073085,"CE6-145"
"1293",6152521,"CE6-8"
"1294",6248524,"UCE6-988"
"1295",6310598,"UCE6-990"
"1296",6319890,"UCE6-991"
"1297",6518990,"CE6-14"
"1298",6528312,"CE6-146"
"1299",6579082,"CE6-147"
"1300",6581229,"CE6-13"
"1301",6739661,"CE6-148"
"1302",6762337,"UCE6-1000"
"1303",6940756,"CE6-149"
"1304",6955003,"UCE6-1007"
"1305",7009760,"CE6-150"
"1306",7143469,"UCE6-1009"
"1307",7144795,"CE6-30"
"1308",7266175,"UCE6-1011"
"1309",7266850,"UCE6-1012"
"1310",7322729,"CE6-225"
"1311",7336053,"UCE6-1021"
"1312",7513531,"UCE6-1037"
"1313",7564196,"UCE6-1041"
"1314",7613129,"CE6-153"
"1315",7727578,"UCE6-1044"
"1316",7743234,"UCE6-1045"
"1317",7821467,"UCE6-1051"
"1318",7940932,"UCE6-1056"
"1319",7964226,"UCE6-1063"
"1320",8083523,"UCE6-1076"
"1321",8247006,"UCE6-1079"
"1322",8248179,"UCE6-1080"
"1323",8357013,"CE6-24"
"1324",8394252,"CE6-155"
"1325",8426345,"UCE6-1086"
"1326",8501749,"UCE6-1088"
"1327",8548923,"CE6-157"
"1328",8665271,"UCE6-1091"
"1329",8691682,"CE6-217"
"1330",8751501,"CE6-159"
"1331",8832385,"UCE6-1095"
"1332",8923304,"CE6-160"
"1333",8952716,"UCE6-1102"
"1334",9021906,"CE6-161"
"1335",9025463,"CE6-26"
"1336",9093586,"CE6-162"
"1337",9287807,"CE6-164"
"1338",9303872,"UCE6-1114"
"1339",9483523,"CE6-165"
"1340",9525286,"CE6-211"
"1341",9542405,"CE6-212"
"1342",9552282,"CE6-213"
"1343",9570208,"CE6-214"
"1344",9678748,"CE6-166"
"1345",9710212,"UCE6-1127"
"1346",9822826,"CE6-167"
"1347",9902316,"CE6-168"
"1348",9967565,"UCE6-1134"
"1349",10037243,"UCE6-1144"
"1350",10076512,"CE6-170"
"1351",10203322,"CE6-171"
"1352",10226939,"CE6-25"
"1353",10286618,"CE6-172"
"1354",10317200,"UCE6-1156"
"1355",10376766,"CE6-173"
"1356",10424790,"UCE6-1165"
"1357",10461229,"CE6-174"
"1358",10550197,"UCE6-1178"
"1359",10552813,"CE6-175"
"1360",10648859,"CE6-176"
"1361",10662557,"UCE6-1184"
"1362",10731039,"UCE6-1186"
"1363",10739562,"CE6-177"
"1364",10791653,"CE6-178"
"1365",10862511,"UCE6-1198"
"1366",10869240,"UCE6-1199"
"1367",10944577,"CE6-227"
"1368",11071492,"CE6-179"
"1369",11096460,"UCE6-1204"
"1370",11127957,"UCE6-1207"
"1371",11342561,"UCE6-1212"
"1372",11346702,"CE6-180"
"1373",11433411,"CE6-181"
"1374",11452971,"UCE6-1215"
"1375",11517222,"CE6-7"
"1376",11530495,"CE6-182"
"1377",11622417,"CE6-183"
"1378",11836656,"CE6-27"
"1379",11952422,"CE6-185"
"1380",12022174,"UCE6-1244"
"1381",12076251,"CE6-186"
"1382",12208257,"CE6-187"
"1383",12293104,"CE6-188"
"1384",12359449,"CE6-189"
"1385",12364405,"CE6-218"
"1386",12533025,"UCE6-1264"
"1387",12750713,"CE6-191"
"1388",12763105,"UCE6-1296"
"1389",12878121,"UCE6-1304"
"1390",12974281,"UCE6-1314"
"1391",12990085,"CE6-192"
"1392",13050494,"CE6-193"
"1393",13262690,"UCE6-1337"
"1394",13339566,"CE6-194"
"1395",13378095,"UCE6-1343"
"1396",13482071,"CE6-195"
"1397",13557283,"CE6-196"
"1398",13600717,"CE6-15"
"1399",13656584,"CE6-197"
"1400",13676249,"UCE6-1358"
"1401",13733871,"UCE6-1360"
"1402",13812846,"CE6-198"
"1403",13893785,"CE6-199"
"1404",14072817,"UCE6-1369"
"1405",14089636,"CE6-201"
"1406",14179996,"CE6-202"
"1407",14252101,"UCE6-1386"
"1408",14271376,"CE6-203"
"1409",14364840,"CE6-204"
"1410",14365263,"UCE6-1397"
"1411",14437076,"UCE6-1429"
"1412",14451269,"CE6-205"
"1413",14542103,"UCE6-1456"
"1414",14547204,"CE6-206"
"1415",14600463,"UCE6-1468"
"1416",14636404,"CE6-207"
"1417",14678987,"CE6-219"
"1418",14739634,"CE6-208"
"1419",14740346,"UCE6-1490"
"1420",14791150,"CE6-209"
"1421",14888419,"CE6-210"
"1422",14961400,"UCE6-1507"
"1423",14961815,"UCE6-1508"
"1424",15074614,"UCE6-1516"
"1425",15137625,"CE6-230"
"1426",15138096,"UCE6-1520"
"1427",15196795,"UCE6-1528"
"1428",15252244,"CE6-231"
"1429",15330737,"UCE6-1548"
"1430",15366117,"CE6-5"
"1431",15500580,"UCE6-1556"
"1432",15500713,"UCE6-1557"
"1433",15560858,"CE6-232"
"1434",15563593,"UCE6-1565"
"1435",15658948,"UCE6-1580"
"1436",15697711,"UCE6-1585"
"1437",15820520,"UCE6-1590"
"1438",15842349,"CE6-233"
"1439",16035557,"UCE6-1606"
"1440",16072842,"UCE6-1607"
"1441",16203694,"UCE6-1612"
"1442",16227136,"CE6-236"
"1443",16327274,"CE6-237"
"1444",16505859,"UCE6-1621"
"1445",16596096,"UCE6-1624"
"1446",16641436,"UCE6-1628"
"1447",16892054,"CE6-239"
"1448",16916863,"UCE6-1639"
"1449",17034241,"CE6-240"
"1450",17215753,"CE6-241"
"1451",17339521,"CE6-242"
"1452",17474873,"UCE6-1649"
"1453",17498443,"CE6-243"
"1454",17618863,"CE6-244"
